[{"@type":"mappingTemplate","id":"@1","name":"Mapping_RESTV2","description":"","bundleVersion":"0","templateId":"@3","hasParameters":false,"valid":true,"fixedConnection":true,"hasParametersDeployed":false,"fixedConnectionDeployed":false,"isSchemaValidationEnabled":false,"tasks":0,"mappingPreviewFileRecordId":"@2","documentType":"MAPPING","references":[{"@type":"reference","refObjectId":"@a2Cwclj9sGmgpB9kTpz7KV","refType":"connection"},{"@type":"reference","refObjectId":"@4VquJ13vVZXcWZTTG3MIeM","refType":"connection"}]}]